movie_id,title,release_year,release_month,runtime,country,language,mpaa_rating,primary_genre,secondary_genre,theme,tags_str,title_sentiment,release_season,days_since_release,decay_factor,is_new_release,holiday_boost,violence_level,romance_level,humor_level,complexity_score,holiday_Golden Week,holiday_Diwali,holiday_Christmas,holiday_Carnival,holiday_New Year,holiday_Holi,holiday_Thanksgiving,holiday_Halloween,holiday_Valentine,holiday_Easter,avg_rating,rating_count,box_office,rewatch_score,critical_acclaim,award_nominations,imdb_rank,weather_affinity,mood_intensity,family_friendly,cultural_specificity,current_event_relevance,trending_score,social_media_mentions,search_volume,viral_potential,engagement_score,rewatchability
mv00001,The Dark Knight,2008,7,152,USA,English,PG-13,Action,Drama,Justice,Cult Classic;Oscar Winner;Netflix;Based on Book;Amazon Prime;Graphic Violence,-0.15,Summer,6201,0.11959668718320673,0,0.1,0.4992563068357101,0.01832658275103,0.1629705323375772,0.09324774194126303,0.0,0.0,0.1,0.0,0.0,0.0,0.05,0.05,0.1,0.1,6.0,26815,212.95788100230425,0.6992326952925674,0.5028387389562594,2,6649,Windy,0.707170404359674,0,0.0,0.0,0.12344021844531151,33,0,0.03703206553359345,0.4462221689356219,0.5317674689541858
mv00002,Mad Max: Fury Road,2015,5,120,Australia,English,R,Action,SciFi,Survival,Cult Classic;Festival Favorite;Oscar Winner;Amazon Prime;Graphic Violence,-0.625,Spring,3706,0.28106253717316854,0,0.1,0.3737294765249003,0.8193391746426518,0.021659554602726366,0.46598289019702316,0.0,0.0,0.1,0.0,0.0,0.0,0.05,0.05,0.1,0.1,5.6,16387,14.765394216302912,0.39311069502480955,0.12267389244869113,2,2229,Snowy,0.40840237769896814,0,0.006974535702820505,0.0,0.9315017673263599,152,0,0.27945053019790794,0.42047081269594383,0.19407606082209522
mv00003,John Wick,2014,10,101,USA,English,R,Action,Thriller,Revenge,Cult Classic;Netflix;Amazon Prime;Graphic Violence,0.0,Fall,3918,0.26137978302735987,0,0.7,0.23251625823621447,0.07800551119354564,0.10904140522243749,0.7930186321225263,0.0,0.0,0.1,0.0,0.0,0.0,0.05,0.7,0.1,0.1,7.5,372370,18.992949806878727,0.28961982949863224,0.21349243030074636,23,,Sunny,0.7354772397587483,0,0.0,0.0,0.1678290131876791,624,0,0.050348703956303725,0.3738586855750172,0.36545308667694065
mv00004,The Grand Budapest Hotel,2014,3,99,USA,English,R,Comedy,Drama,Coming of Age,Independent Film;Festival Favorite;Oscar Winner;Amazon Prime;Hulu,0.5,Winter,4132,0.24290897527790214,0,0.6,0.01816144431613902,0.06371228002896097,0.059786857025198654,0.06668196247860508,0.0,0.0,0.1,0.0,0.0,0.0,0.05,0.05,0.1,0.6,8.4,2678,84.30185125803517,0.04052709017492766,0.08762737288890841,1,50,Windy,0.749787105431857,0,0.0,0.0,0.2511857412033046,6,0,0.07535572236099138,0.12846913347357564,0.3451996767170209
mv00005,Superbad,2007,8,113,USA,English,R,Comedy,Drama,Coming of Age,Cult Classic;Netflix;Amazon Prime;Strong Romance,0.0,Summer,6536,0.10663364857511833,0,0.1,0.11342999582553283,0.08051918094315332,0.22845611141361105,0.02915491579199163,0.0,0.0,0.1,0.0,0.0,0.0,0.05,0.05,0.1,0.1,9.8,48383,47.607301976117185,0.5400501570775916,0.777859096806656,3,4780,Windy,0.5040507574753958,0,0.0,0.0,0.35927296269061765,173,0,0.1077818888071853,0.49054943093011094,0.4212403057814146
mv00006,The Shawshank Redemption,1994,9,142,USA,English,R,Drama,Thriller,Redemption,Cult Classic;Based on Book;Amazon Prime,0.0,Summer,11253,0.1,0,0.1,0.00018604859013526655,0.1698943304766277,0.14641119126315463,0.22623938402463759,0.0,0.0,0.1,0.0,0.0,0.0,0.05,0.05,0.1,0.1,6.7,307231,28.116912143694538,0.3900060651209308,0.3844213935284649,0,,Cloudy,0.4305877452489433,0,0.0,0.0,0.3269917685362446,1004,0,0.09809753056087338,0.4433079144861411,0.32417935613514837
mv00007,Parasite,2019,10,132,USA,Multilingual,R,Drama,Thriller,Betrayal,Independent Film;Festival Favorite;Oscar Winner;Amazon Prime;Hulu,0.0,Fall,2092,0.48848898510129257,0,0.7,0.30804252383586056,0.2872515042279126,0.5012463872996745,0.20192558051583742,0.0,0.0,0.1,0.0,0.0,0.0,0.05,0.7,0.1,0.1,8.6,82653,8.01877705126673,0.389975868399468,0.41489834500641365,13,,Cloudy,0.3070873533389959,0,0.0,0.0,0.3376105313334779,279,0,0.10128315940004337,0.43590598845886985,0.2871141402014328
mv00008,12 Years a Slave,2013,10,134,USA,English,R,Drama,Documentary,Survival,Historical;Oscar Winner;Based on Book;Amazon Prime;Biographical;Sequel,0.0,Fall,4283,0.2306668489198787,0,0.7,0.06922282986301824,0.2369191788834009,0.1952207552465255,0.7337280182463618,0.0,0.0,0.1,0.0,0.0,0.0,0.05,0.7,0.1,0.1,7.1,36323,49.677032275761945,0.3019277385530509,0.1060812282411953,0,5671,Sunny,0.05454820169986106,0,0.0,0.0,0.11010837368093739,39,0,0.033032512104281216,0.30946254419637803,0.16732832978648376
mv00009,Get Out,2017,2,104,USA,English,R,Horror,Thriller,Survival,Cult Classic;Amazon Prime;Graphic Violence;Oscar Winner,0.0,Winter,3064,0.3501775146030539,0,0.7,0.6815333020123834,0.015563126687640145,0.4577274444970121,0.5051945887587718,0.0,0.0,0.1,0.0,0.0,0.0,0.05,0.05,0.7,0.1,7.2,178527,55.40895683445585,0.2216410182440936,0.3299680984085298,0,1321,Snowy,0.4047355333573582,0,0.0,0.0,0.07642023953511563,136,0,0.022926071860534688,0.3522197928620302,0.23224116912925424
mv00010,The Conjuring,2013,7,112,USA,English,R,Horror,Thriller,Survival,Based on Book;Amazon Prime;HBO Max;Graphic Violence,0.0,Summer,4375,0.2235125596438579,0,0.1,0.422005969377573,0.11904141721789023,0.10360523436877989,0.5088146900667452,0.0,0.0,0.1,0.0,0.0,0.0,0.05,0.05,0.1,0.1,5.1,38966,271.606245447191,0.3294707139622784,0.1762553317181837,0,8037,Rainy,0.7795369265833026,0,0.0,0.0,0.8323255534458833,324,0,0.24969766603376498,0.6210821895756359,0.39859643495612995
mv00011,Halloween,1978,10,91,USA,English,R,Horror,Thriller,Survival,Cult Classic;Halloween;Amazon Prime;Peacock;Graphic Violence,0.0,Fall,17067,0.1,0,0.7,0.3619132550024239,0.1877835126866702,0.542892102794446,0.5090663190979056,0.0,0.0,0.1,0.0,0.0,0.0,0.05,0.7,0.1,0.1,4.5,4223,58.25553055853913,0.5695236219239629,0.21703352945924517,0,6814,Windy,0.41252581121408344,0,0.0,0.0,0.2081032955234739,8,0,0.062430988657042163,0.24464949464112873,0.40851955432620646
mv00012,Inception,2010,7,148,USA,English,PG-13,SciFi,Action,Redemption,Cult Classic;Amazon Prime;HBO Max;Oscar Winner,0.0,Summer,5471,0.1535651860948905,0,0.1,0.06161751905902876,0.5777740326457602,0.10334972808315669,0.10213353839831216,0.0,0.0,0.1,0.0,0.0,0.0,0.05,0.05,0.1,0.1,9.3,22402,49.32212248721052,0.17112426359982025,0.06472200075973393,0,,Snowy,0.2925112697733458,0,0.0,0.0,1.0,224,0,0.3,0.4294521271435603,0.17331551273191387
mv00013,Blade Runner 2049,2017,10,164,USA,English,R,SciFi,Drama,Coming of Age,Festival Favorite;Amazon Prime;Sequel;Oscar Winner,0.0,Fall,2822,0.3804356041186425,0,0.7,0.06418125705855973,0.0903291984108582,0.3762448495008361,0.2897817366931924,0.0,0.0,0.1,0.0,0.0,0.0,0.05,0.7,0.1,0.1,6.7,23269,93.82151808114133,0.5726634114620109,0.00135707906006707,3,,Rainy,0.6879265136402761,0,0.0,0.0,0.1350512734790119,31,0,0.04051538204370357,0.3401844302758264,0.49270965982308834
mv00014,The Matrix,1999,3,136,USA,English,R,SciFi,Action,Heroism,Cult Classic;Amazon Prime;HBO Max;Oscar Winner,0.0,Winter,9611,0.1,0,0.6,0.0046369132773064125,0.0006890545936954441,0.5210475884349507,0.014151167631498159,0.0,0.0,0.1,0.0,0.0,0.0,0.05,0.05,0.1,0.6,3.0,140123,16.530532999404237,0.2673070602313328,0.022992918405542743,6,7866,Sunny,0.377827492510867,0,0.0,0.0,0.5954908217057024,834,0,0.17864724651171074,0.4739647369839609,0.24700177786892652
mv00015,La La Land,2016,12,128,USA,English,PG-13,Romance,Drama,Love,Oscar Winner;Netflix;Amazon Prime;Valentine;Strong Romance,0.0,Fall,3126,0.34282061902986044,0,0.8,0.0789257145610686,0.5962113139578874,0.17564775005429067,0.2079384245722911,0.0,0.0,0.8,0.0,0.0,0.0,0.05,0.05,0.1,0.1,6.6,769,199.1354673449034,0.33963664625077994,0.2280935531750501,3,,Snowy,0.1750118232159543,0,0.0,0.0,0.52267797583592,4,0,0.156803392750776,0.31899138919412673,0.22232187009017626
mv00016,The Notebook,2004,6,123,USA,English,PG-13,Romance,Drama,Love,Based on Book;Netflix;Amazon Prime;Valentine;Strong Romance,0.0,Spring,7692,0.1,0,0.1,0.11062819512290605,0.2877183060329612,0.8746174583421211,0.4671042076369704,0.0,0.0,0.1,0.0,0.0,0.0,0.05,0.05,0.1,0.1,8.1,43685,97.48765142232102,0.5618420186096078,0.0611138498365204,0,949,Snowy,0.6786421456981803,0,0.0,0.0,0.2865747633957277,125,0,0.08597242901871831,0.4792730212124944,0.484513653014258
mv00017,Eternal Sunshine of the Spotless Mind,2004,3,108,USA,English,R,Romance,SciFi,Love,Cult Classic;Amazon Prime;Strong Romance;Independent Film,0.0,Winter,7784,0.1,0,0.6,0.01212271898055204,0.6420582030631297,0.8074822073447844,0.6055078980577138,0.0,0.0,0.1,0.0,0.0,0.0,0.05,0.05,0.1,0.6,6.7,2278,60.8848367891007,0.6577762762210542,0.31454438971255755,0,6582,Rainy,0.23973097097425053,0,0.0,0.0,0.5534247064174004,12,0,0.1660274119252201,0.344632664054164,0.40080742940280223
mv00018,Free Solo,2018,9,100,USA,English,PG-13,Documentary,Drama,Heroism,Festival Favorite;Disney+;Amazon Prime;Oscar Winner,0.4,Summer,2487,0.4266836833129629,0,0.1,0.17610926921702658,0.0010647670425804683,0.1318489188562173,0.06703502674156182,0.0,0.0,0.1,0.0,0.0,0.0,0.05,0.05,0.1,0.1,5.7,66224,123.84435695545457,0.4120924739962409,0.017830604170698268,0,1114,Cloudy,0.3177206390984638,0,0.0,0.0,0.07820288250904797,51,0,0.023460864752714392,0.4344960176040495,0.38136242872765963
mv00019,March of the Penguins,2005,6,80,USA,English,G,Documentary,Drama,Survival,Family Friendly;Disney+;Amazon Prime;Oscar Winner,0.0,Spring,7327,0.1,0,0.1,0.08061212115000135,0.6613398329323479,0.16286574738859502,0.09432788981286629,0.0,0.0,0.1,0.0,0.0,0.0,0.05,0.05,0.1,0.1,7.8,29895,17.241434091324287,0.46525447872669673,0.10763932440780467,3,3793,Rainy,0.32889605895187457,1,0.0,0.0,0.1302255301508099,38,0,0.03906765904524297,0.3069657192650388,0.33129605704891074
mv00020,Spider-Man: Into the Spider-Verse,2018,12,117,USA,English,PG,Animation,Action,Heroism,Family Friendly;Oscar Winner;Based on Book;Netflix;Amazon Prime,0.0,Fall,2396,0.44019038819896594,0,0.8,0.032584605189788445,0.36189224126420066,0.5486618392790835,0.4653718502490888,0.0,0.0,0.8,0.0,0.0,0.0,0.05,0.05,0.1,0.1,8.7,52560,103.3401809379782,0.36517136211943424,0.41060058314632836,3,,Snowy,0.2998439608377036,1,0.0,0.0,0.32985174316751636,173,0,0.0989555229502549,0.4754258667907267,0.2725388693110282
mv00021,Coco,2017,11,105,USA,English,PG,Animation,Fantasy,Coming of Age,Family Friendly;Disney+;Amazon Prime;Oscar Winner,0.0,Fall,2791,0.3844959905426552,0,0.65,0.08394160389490418,0.5032383178149566,0.04017546596078497,0.04817052997164334,0.0,0.0,0.1,0.0,0.0,0.0,0.65,0.05,0.1,0.1,10.0,256921,83.45265712776127,0.685422161519814,0.001975656235453235,23,3102,Cloudy,0.41368228390255507,1,0.0,0.0,0.6757852158661892,1736,0,0.20273556475985677,0.6320281729103815,0.46681576593067353
mv00022,Toy Story 4,2019,6,100,USA,English,G,Animation,Comedy,Coming of Age,Family Friendly;Disney+;Amazon Prime;Oscar Winner,0.0,Spring,2214,0.46849999963525796,0,0.1,0.11360957201689423,0.3113360577319518,0.19323999919794319,0.22169165957370318,0.0,0.0,0.1,0.0,0.0,0.0,0.05,0.05,0.1,0.1,5.2,360647,90.78840535313432,0.08723252661032461,0.06814902485617452,1,6715,Snowy,0.8563836977391334,1,0.0,0.0,0.30695529476412925,1107,0,0.09208658842923877,0.3939411580201806,0.3005313726269023
mv00023,Gone Girl,2014,10,149,USA,English,R,Thriller,Drama,Betrayal,Cult Classic;Based on Book;Amazon Prime;Hulu,0.0,Fall,3918,0.26137978302735987,0,0.7,0.002530319012627353,0.029082525092665488,0.0821086319771364,0.9243219188277227,0.0,0.0,0.1,0.0,0.0,0.0,0.05,0.7,0.1,0.1,5.1,54474,76.59550990384837,0.1158856710676994,0.004569226699835807,4,,Windy,0.10097077437226344,0,0.0,0.0,0.3382474726630836,184,0,0.10147424179892507,0.4018310408846199,0.08823406784552873
mv00024,Zodiac,2007,3,157,USA,English,R,Thriller,Drama,Justice,Cult Classic;Based on Book;Amazon Prime,0.0,Winter,6689,0.10119019393921298,0,0.6,0.04459887861294145,0.051238268558064626,0.14953154163420904,0.027490982852647623,0.0,0.0,0.1,0.0,0.0,0.0,0.05,0.05,0.1,0.6,5.0,9739,39.915153242128795,0.1173223699320739,0.384265489439796,1,6739,Windy,0.6078914831177533,0,0.0,0.0,0.23882610072020694,23,0,0.07164783021606208,0.1576896942841346,0.24102862990136295
mv00025,Pan's Labyrinth,2006,12,118,USA,Spanish,R,Fantasy,Drama,Coming of Age,HBO Max;Independent Film;Festival Favorite;Oscar Winner;Amazon Prime,0.0,Fall,6779,0.1,0,0.8,0.002004207322197538,0.2659331435549958,0.20717200781534018,0.2722268247757226,0.0,0.0,0.8,0.0,0.0,0.0,0.05,0.05,0.1,0.1,7.3,97997,9.893228978206494,0.5875848787607003,0.1419093390578356,2,,Rainy,0.6718197656253877,0,0.0,0.0,0.05484796472454088,53,0,0.016454389417362263,0.41555482536041355,0.49533836906796647
mv00026,The Shape of Water,2017,12,123,USA,English,R,Fantasy,Romance,Love,Festival Favorite;Oscar Winner;Amazon Prime;Strong Romance;Hulu,0.0,Fall,2761,0.3884666541330981,0,0.8,0.013583710441239733,0.25283357356620745,0.252345623769414,0.44365787757815933,0.0,0.0,0.8,0.0,0.0,0.0,0.05,0.05,0.1,0.1,7.6,19826,26.75475023699604,0.13074906013556317,0.005907533881366796,2,5221,Sunny,0.16435522853219425,0,0.0,0.0,0.6170699128415519,122,0,0.18512097385246556,0.2994621183627768,0.11468109862743986
mv00027,Home Alone,1990,11,103,USA,English,PG,Comedy,Fantasy,Coming of Age,Cult Classic;Family Friendly;Christmas;Disney+;Amazon Prime,0.0,Fall,12653,0.1,0,0.65,0.22516596271742922,0.024429566546596882,0.7528442376334529,0.4755948405596925,0.0,0.0,0.1,0.0,0.0,0.0,0.65,0.05,0.1,0.1,6.2,30600,65.49187629435008,0.9510406942104753,0.3563921578794783,5,,Cloudy,0.21663135585441903,1,0.0,0.0,0.4368626467713919,133,0,0.13105879403141757,0.5327217733926419,0.5405097538615634
mv00028,Die Hard,1988,7,132,USA,English,R,Action,Thriller,Heroism,Cult Classic;Christmas;Amazon Prime;Hulu;Graphic Violence,-0.2916666666666667,Summer,13506,0.1,0,0.1,0.3465279707602313,0.017736908277258604,0.32663870929692573,0.5775256874904878,0.0,0.0,0.1,0.0,0.0,0.0,0.05,0.05,0.1,0.1,6.7,11822,40.820312616063106,0.3977471727992521,0.047503617489014986,1,,Sunny,0.3862867759486793,0,0.0,0.0,0.678989811731384,80,0,0.20369694351941517,0.34870440244069056,0.25642628585089644
mv00029,Love Actually,2003,11,135,UK,English,R,Romance,Comedy,Love,Christmas;Netflix;Amazon Prime;Valentine;Strong Romance,0.25,Fall,7905,0.1,0,0.65,0.18256563592798214,0.9351304303291413,0.3388322835980395,0.029646054223308457,0.0,0.0,0.1,0.0,0.0,0.0,0.65,0.05,0.1,0.1,10.0,4758,5.668376371732308,0.5028528681486197,0.034212297789493425,1,,Rainy,0.6890899955560451,0,7.825529838941908e-05,0.0,0.2810425024670874,13,0,0.08431275074012622,0.22259803083979293,0.5081534327411235
mv00030,The Nightmare Before Christmas,1993,10,76,USA,English,PG,Animation,Fantasy,Coming of Age,Cult Classic;Family Friendly;Christmas;Halloween;Disney+;Amazon Prime,0.0,Fall,11588,0.1,0,0.7,0.3913804434811654,0.04684325979310524,0.20250808308162552,0.1748739299668799,0.0,0.0,0.1,0.0,0.0,0.0,0.05,0.7,0.1,0.1,6.8,950,32.67453539328478,0.39343067570772605,0.18411044603985446,0,775,Cloudy,0.2806588982135846,1,0.0,0.0,0.2792318535602601,2,0,0.08376955606807802,0.18925290001363893,0.2809130073179384
mv00031,Dangal,2016,12,161,India,Hindi,PG,Drama,Documentary,Heroism,Family Friendly;Based on Book;Netflix;Bollywood;Amazon Prime;Biographical,0.0,Fall,3126,0.34282061902986044,0,0.4,0.12435435536719082,0.12837927058064474,0.2931085233533288,0.8118267619054188,0.0,0.1,0.4,0.0,0.0,0.05,0.0,0.0,0.0,0.0,6.5,52489,6.245172986680087,0.4318108209513771,0.002378960043791934,6,49,Sunny,0.13757514515825944,1,0.0037790522203018286,0.0,0.4458827128799234,234,0,0.133764813863977,0.47254596995116516,0.25717795402316634
mv00032,3 Idiots,2009,12,170,India,Hindi,PG-13,Comedy,Drama,Coming of Age,Cult Classic;Bollywood;Based on Book;Amazon Prime,-0.8,Fall,5683,0.14281104634485045,0,0.4,0.021282758975663656,0.08061167075433137,0.3744916284656999,0.8365909871179225,0.0,0.1,0.4,0.0,0.0,0.05,0.0,0.0,0.0,0.0,6.2,176900,24.075104253499042,0.6240337850484405,0.05328438767649383,0,4565,Cloudy,0.3133933648862067,0,0.00265888396706271,0.0,0.17929706059101994,317,0,0.05378911817730598,0.46287026353661465,0.24603490199008227
mv00033,Baahubali: The Beginning,2015,7,159,India,Multilingual,PG-13,Action,Fantasy,Heroism,Festival Favorite;Netflix;Amazon Prime;Regional Cinema,0.0,Summer,3645,0.28699580753164833,0,0.1,0.19751147796755908,0.17272897015699532,0.08988913969328088,0.4234983254889676,0.0,0.1,0.05,0.0,0.0,0.05,0.0,0.0,0.0,0.0,6.7,550475,32.04093230150036,0.4301922785408374,0.16110636293757338,46,,Sunny,0.40465674932672935,0,0.028378642522402776,0.0,0.22541541066818258,1240,0,0.06762462320045477,0.4299223884530052,0.3364931640684375
mv00034,Amélie,2001,4,122,USA,French,R,Romance,Comedy,Love,Cult Classic;Amazon Prime;Strong Romance;Independent Film,0.0,Spring,8849,0.1,0,0.1,0.004504351329768245,0.6193984830058796,0.25330453446212753,0.07400588726676864,0.0,0.0,0.1,0.0,0.0,0.0,0.05,0.05,0.1,0.1,4.7,73347,345.5750143932779,0.9197588662682264,0.3745526841180182,1,2000,Sunny,0.4984769693270113,0,0.0,0.0,0.15280317514017744,112,0,0.04584095254205323,0.6909280175487399,0.6094225239322166
mv00035,City of God,2002,8,130,Brazil,Multilingual,R,Drama,Thriller,Survival,HBO Max;Independent Film;Festival Favorite;Based on Book;Amazon Prime,0.0,Summer,8362,0.1,0,0.05,0.026193414431051814,0.20360584148148025,0.5976455713519102,0.07458404189214032,0.0,0.0,0.0,0.05,0.0,0.0,0.0,0.0,0.0,0.0,7.3,83318,154.18586723050942,0.4490509901588455,0.31716701685566573,10,1194,Snowy,0.14155959171792165,0,0.11002297214348083,0.0,0.17249370992301943,143,0,0.051748112976905826,0.48247910863572097,0.2669933725947992
mv00036,Spirited Away,2001,7,125,Japan,Japanese,PG,Animation,Fantasy,Coming of Age,Cult Classic;Anime;HBO Max;Family Friendly;Oscar Winner;Amazon Prime,0.5,Summer,8758,0.1,0,0.05,0.11748544348960385,0.3903306480760675,0.17180690257387232,0.37918570590407846,0.05,0.0,0.0,0.0,0.05,0.0,0.0,0.0,0.0,0.0,7.6,495161,60.455828182187645,0.5316518313281621,0.2767624163728922,3,3786,Windy,0.260436086626107,1,0.18585826446510764,0.0,0.12165129226374069,602,0,0.03649538767912221,0.4435536949890695,0.4439567416519131
mv00037,Black Panther,2018,2,134,USA,English,PG-13,Action,SciFi,Heroism,Based on Book;Disney+;Amazon Prime;Oscar Winner,-0.16666666666666666,Winter,2699,0.3968031089712365,0,0.7,0.6835765490089742,0.2537919272080412,0.6094607649426087,0.2948697483432687,0.0,0.0,0.1,0.0,0.0,0.0,0.05,0.05,0.7,0.1,7.3,64528,17.067224810896857,0.20228665081664154,0.10684688631918943,3,5359,Rainy,0.7618973339637441,0,0.0,0.0,0.23941854120744266,154,0,0.0718255623622328,0.36895991041146947,0.2963791922641107
mv00038,Knives Out,2019,11,130,USA,English,PG-13,Thriller,Comedy,Justice,Cult Classic;Netflix;Amazon Prime,0.0,Fall,2061,0.49370262447129876,0,0.65,8.53077435958387e-05,0.044938540115634334,0.3996893969165326,0.42466426558002834,0.0,0.0,0.1,0.0,0.0,0.0,0.65,0.05,0.1,0.1,7.4,6601,165.43867293098924,0.6275787221805026,0.13291501233296268,0,3946,Windy,0.32974838047366684,0,0.0,0.0,0.04171512900010426,2,0,0.012514538700031278,0.2830477992606464,0.41271387523235137
mv00039,Joker,2019,10,122,USA,English,R,Drama,Thriller,Betrayal,HBO Max;Oscar Winner;Based on Book;Amazon Prime;Graphic Violence,0.0,Fall,2092,0.48848898510129257,0,0.7,0.050776487536356676,0.15103338324283808,0.18691196520232045,0.3780649461230089,0.0,0.0,0.1,0.0,0.0,0.0,0.05,0.7,0.1,0.1,4.4,30095,55.097908834220945,0.23934360272507155,0.00826761171175878,0,4209,Windy,0.40610463718179984,0,0.0,0.0,0.3430010903663861,103,0,0.10290032710991583,0.3236101276899749,0.24150319251707572
mv00040,1917,2019,12,119,UK,English,R,Drama,Action,Survival,Amazon Prime;Historical;Oscar Winner,0.0,Fall,2031,0.49880105744254405,0,0.8,0.050245438908464835,0.252329584003432,0.24801585818799857,0.215965698047129,0.0,0.0,0.8,0.0,0.0,0.0,0.05,0.05,0.1,0.1,5.9,5235,121.11034251999007,0.04957758926851561,0.009410048158820272,0,6480,Windy,0.3857595950974516,0,0.026367285381566456,0.0,0.16400778559950005,8,0,0.049202335679850016,0.14012651497699896,0.14051667316349328
mv00041,Moonlight,2016,10,111,USA,English,R,Drama,Romance,Coming of Age,Independent Film;Oscar Winner;Netflix;Amazon Prime;Strong Romance,0.0,Fall,3187,0.3357332422676013,0,0.7,0.18544553926148216,0.1075733788153643,0.08183940492841363,0.32324470106915976,0.0,0.0,0.1,0.0,0.0,0.0,0.05,0.7,0.1,0.1,7.6,13854,123.86893415591724,0.6045250515070546,0.15951378686665824,13,7072,Snowy,0.8608597726758189,0,0.0,0.0,0.7106723587120619,98,0,0.21320170761361856,0.46000381963273773,0.560520457556273
mv00042,Whiplash,2014,10,107,USA,English,R,Drama,Thriller,Coming of Age,Independent Film;Amazon Prime;Oscar Winner,0.0,Fall,3918,0.26137978302735987,0,0.7,0.03391498972879143,0.14571925903842098,0.24904489380305436,0.5499601806482594,0.0,0.0,0.1,0.0,0.0,0.0,0.05,0.7,0.1,0.1,6.8,24666,81.00271817450236,0.16917660550970426,0.3725874744337025,4,2898,Windy,0.4895046906596052,0,0.0,0.0,0.26989319122010896,66,0,0.08096795736603268,0.27359880826970445,0.2314397099527337
mv00043,The Social Network,2010,10,120,USA,English,PG-13,Drama,Documentary,Betrayal,Oscar Winner;Based on Book;Netflix;Amazon Prime;Biographical,0.03333333333333333,Fall,5379,0.15848056877315872,0,0.7,0.007702198314044487,0.31018492635582345,0.4612945933653782,0.5301818130130177,0.0,0.0,0.1,0.0,0.0,0.0,0.05,0.7,0.1,0.1,7.5,4239,38.24238371483104,0.09546488621879835,0.28057078773000615,20,6787,Rainy,0.2804507327089781,0,0.0,0.0,0.34432018066960723,14,0,0.10329605420088217,0.15026245857951692,0.13853432958875925
mv00044,Avengers: Endgame,2019,4,181,USA,English,PG-13,Action,SciFi,Heroism,Based on Book;Disney+;Amazon Prime,0.0,Spring,2275,0.4588143628146673,0,0.1,0.4857719104956108,0.18789008478775315,0.053857052809074324,0.28661995092665465,0.0,0.0,0.1,0.0,0.0,0.0,0.05,0.05,0.1,0.1,8.5,56569,156.85251605031291,0.4522622752178197,0.32009164711002297,1,,Sunny,0.5110939592516245,0,0.0,0.0,0.4251132216179914,240,0,0.12753396648539742,0.5477701322341093,0.3794593253843972
mv00045,The Lion King,2019,7,118,USA,English,PG,Animation,Drama,Coming of Age,Family Friendly;Remake;Amazon Prime;Disney+,0.0,Summer,2184,0.4733381668370766,0,0.1,0.04387977231243072,0.021849284594466247,0.10504943214011672,0.27985357178409226,0.0,0.0,0.1,0.0,0.0,0.0,0.05,0.05,0.1,0.1,7.8,10909,52.89482174206094,0.23904227195022462,0.4865660086230428,2,7767,Rainy,0.06940210187780962,1,0.0,0.0,0.577126300718235,62,0,0.1731378902154705,0.28503455403814537,0.1403417665384552
mv00046,Frozen II,2019,11,103,USA,English,PG,Animation,Fantasy,Coming of Age,Family Friendly;Oscar Winner;Disney+;Amazon Prime;Sequel,0.0,Fall,2061,0.49370262447129876,0,0.65,0.05589152994017742,0.18059933366645722,0.06777484295862514,0.08473016934869212,0.0,0.0,0.1,0.0,0.0,0.0,0.65,0.05,0.1,0.1,8.9,29984,93.74718973147326,0.3427092275505652,0.055513561918565484,5,4997,Sunny,0.40694393506776594,1,0.0,0.0,0.1822959305651835,54,0,0.05468877916955505,0.3280448843946738,0.2934377942956124
mv00047,A Quiet Place,2018,4,90,USA,English,PG-13,Horror,Thriller,Survival,Cult Classic;Amazon Prime;Peacock,0.0,Spring,2640,0.40490225404526864,0,0.1,0.2837464614395431,0.061366578678080826,0.3891967822871915,0.5480010079659068,0.0,0.0,0.1,0.0,0.0,0.0,0.05,0.05,0.1,0.1,6.5,85707,14.905136618721993,0.628250929270917,0.02356022954968109,4,2075,Sunny,0.22430561435622934,0,0.0,0.0,0.3940755515013668,337,0,0.11822266545041003,0.5130341885024319,0.38141714894232726
mv00048,Hereditary,2018,6,127,USA,English,R,Horror,Drama,Betrayal,Festival Favorite;Amazon Prime;Graphic Violence;Independent Film,0.0,Spring,2579,0.4134497985389992,0,0.1,0.5176471060538519,0.21293778963371202,0.596877521837208,0.12351900264064407,0.0,0.0,0.1,0.0,0.0,0.0,0.05,0.05,0.1,0.1,8.0,183997,205.85045248341825,0.44119801025576705,0.11162834853630169,8,,Rainy,0.4169848422178669,0,0.0,0.0,0.22682313310808927,417,0,0.06804693993242678,0.5199305120826733,0.3456944577932436
mv00049,Us,2019,3,116,USA,English,R,Horror,Thriller,Survival,Cult Classic;Amazon Prime;Graphic Violence,0.0,Winter,2306,0.453969153356734,0,0.6,0.04143198323796739,0.03704438962997645,0.1526678731961275,0.13432642575722947,0.0,0.0,0.1,0.0,0.0,0.0,0.05,0.05,0.1,0.6,8.3,14996,72.10980425336315,0.5917904631442888,0.03537730024997452,3,8778,Cloudy,0.45771735064863517,0,0.0,0.0,0.43721470198222917,65,0,0.13116441059466874,0.3682861934083111,0.433210436766735
mv00050,Midsommar,2019,7,148,USA,English,R,Horror,Drama,Betrayal,Festival Favorite;Amazon Prime;Graphic Violence;Independent Film,0.0,Summer,2184,0.4733381668370766,0,0.1,0.16747158747446977,0.6683246518493063,0.002920380207483895,0.6502510420069981,0.0,0.0,0.1,0.0,0.0,0.0,0.05,0.05,0.1,0.1,8.8,10977,14.044918776996958,0.6125346818780365,0.27794632872328834,12,2780,Cloudy,0.1235346757623252,0,0.0,0.0,0.17159489468752745,18,0,0.051478468406258235,0.25793985352988946,0.3433277436677158
mv00051,Call Me By Your Name,2017,11,132,USA,English,R,Romance,Drama,Love,Oscar Winner;Based on Book;Amazon Prime;Strong Romance;Hulu,0.0,Fall,2791,0.3844959905426552,0,0.65,0.03183929029058491,0.3572265305785543,0.11270565818626363,0.6642732144919204,0.0,0.0,0.1,0.0,0.0,0.0,0.65,0.05,0.1,0.1,8.7,54642,85.36813699177512,0.061213122335110046,0.30981668616261426,5,2217,Sunny,0.6580960345853858,0,0.0,0.0,0.01687673186329096,9,0,0.005063019558987287,0.3122065320454878,0.22803537154317077
mv00052,Little Women,2019,12,135,USA,English,PG,Drama,Romance,Coming of Age,Family Friendly;Oscar Winner;Based on Book;Netflix;Amazon Prime;Strong Romance,-0.1875,Fall,2031,0.49880105744254405,0,0.8,0.011090545153390665,0.011397178022195172,0.8615634700602985,0.296199714271741,0.0,0.0,0.8,0.0,0.0,0.0,0.05,0.05,0.1,0.1,7.5,15656,17.653957704925887,0.2799919570682617,0.5457835479770364,3,,Sunny,0.25904406795055424,1,0.0,0.0,0.16424468931264885,25,0,0.049273406793794654,0.1981661404476906,0.18020919891929713
mv00053,The Irishman,2019,11,209,USA,English,R,Drama,Thriller,Redemption,Based on Book;Netflix;Amazon Prime;Oscar Winner,0.0,Fall,2061,0.49370262447129876,0,0.65,0.7949583659759993,0.009191425770816984,0.17549896590345487,0.8812231290457261,0.0,0.0,0.1,0.0,0.0,0.0,0.65,0.05,0.1,0.1,7.1,126775,73.57444119991673,0.28976933489254253,0.09229371789843101,6,,Snowy,0.6113359329381374,0,0.0,0.0,0.6811123077778064,863,0,0.20433369233334192,0.5295076312675456,0.3282854473277125
mv00054,Once Upon a Time in Hollywood,2019,7,161,USA,English,R,Drama,Comedy,Coming of Age,Cult Classic;Netflix;Amazon Prime;Oscar Winner,0.0,Summer,2184,0.4733381668370766,0,0.1,0.022416740366717442,0.025546448621868827,0.026510634566817508,0.046614090485686425,0.0,0.0,0.1,0.0,0.0,0.0,0.05,0.05,0.1,0.1,5.0,29785,325.31894842889704,0.3643353346938298,0.1677847892436726,6,,Rainy,0.24496849114941024,0,0.0,0.0,0.016763072243781936,4,0,0.005028921673134581,0.40685907594885146,0.255658214691738
mv00055,Marriage Story,2019,12,137,USA,English,R,Drama,Romance,Love,Netflix;Amazon Prime;Strong Romance;Oscar Winner,0.0,Fall,2031,0.49880105744254405,0,0.8,0.04083380235216842,0.09360480543049501,0.028105801829044805,0.23067646798246633,0.0,0.0,0.8,0.0,0.0,0.0,0.05,0.05,0.1,0.1,6.5,2792,96.08916079164807,0.5583013254709329,0.006683844145417564,2,1515,Sunny,0.5094199308435886,0,0.0,0.0,0.4946315983561842,13,0,0.14838947950685524,0.3252378113526033,0.431976641988543
mv00056,Ford v Ferrari,2019,11,152,USA,English,PG-13,Drama,Action,Heroism,Oscar Winner;Based on Book;Disney+;Amazon Prime;Biographical,0.0,Fall,2061,0.49370262447129876,0,0.65,0.13850666645343426,0.007104192109233907,0.17972332381949643,0.47381478999762033,0.0,0.0,0.1,0.0,0.0,0.0,0.65,0.05,0.1,0.1,4.2,112442,265.1496622564432,0.34514243866895794,0.022393317092285894,1,7384,Cloudy,0.1516484505876898,0,0.0,0.0,0.2755456236234151,309,0,0.08266368708702453,0.5377468467013149,0.21806575451078591
mv00057,Jojo Rabbit,2019,10,108,USA,English,PG-13,Comedy,Drama,Coming of Age,Disney+;Amazon Prime;Historical;Oscar Winner,0.0,Fall,2092,0.48848898510129257,0,0.7,0.05506768384396675,0.012025480907612435,0.1858422711652409,0.47448281152681004,0.0,0.0,0.1,0.0,0.0,0.0,0.05,0.7,0.1,0.1,9.5,37162,64.87199957906734,0.6807425886600545,0.32283999680680475,2,9307,Snowy,0.5227463776221309,0,0.0,0.0,0.054721616912902955,20,0,0.016416485073870887,0.4021120511827731,0.4971952076166666
mv00058,The Lighthouse,2019,10,110,USA,English,R,Horror,Drama,Betrayal,Festival Favorite;Amazon Prime;Graphic Violence;Independent Film,0.0,Fall,2092,0.48848898510129257,0,0.7,0.14163873133509225,0.3680994529058049,0.14406985419999363,0.004244791976643332,0.0,0.0,0.1,0.0,0.0,0.0,0.05,0.7,0.1,0.1,4.6,3992,80.93122886175821,0.2980846465789259,0.014163361628841398,11,3043,Rainy,0.33676376879217684,0,0.0,0.0,0.3651645607537054,14,0,0.10954936822611162,0.22623791626403694,0.250071453927116
mv00059,Uncut Gems,2019,12,135,USA,English,R,Thriller,Drama,Survival,Festival Favorite;Netflix;Amazon Prime;Independent Film,-0.5,Fall,2031,0.49880105744254405,0,0.8,0.00548215615606325,0.15225026202754371,0.23251062307253034,0.4370298378585514,0.0,0.0,0.8,0.0,0.0,0.0,0.05,0.05,0.1,0.1,8.4,3915,92.86267137286843,0.2790787852264682,0.22667141675674152,1,930,Snowy,0.07008774969523715,0,0.0,0.0,0.2614940749880707,10,0,0.07844822249642121,0.20114955074006896,0.06056571752180523
mv00060,The Farewell,2019,7,100,USA,English,PG,Drama,Comedy,Love,Independent Film;Festival Favorite;Family Friendly;Amazon Prime;Strong Romance,0.0,Summer,2184,0.4733381668370766,0,0.1,0.025099493878225618,0.0036954157139344086,0.09368613176599831,0.3619408975058752,0.0,0.0,0.1,0.0,0.0,0.0,0.05,0.05,0.1,0.1,7.8,11128,123.96420296962269,0.6219143162564876,0.35156778241872094,0,5559,Cloudy,0.2269486907292706,1,0.0,0.0,0.9695087862306075,107,0,0.29085263586918225,0.5154778771065851,0.379041765347025
mv00061,Booksmart,2019,5,102,USA,English,R,Comedy,Drama,Coming of Age,Amazon Prime;Hulu;Independent Film,0.0,Spring,2245,0.4635525071126853,0,0.1,0.0034519279997890302,0.3193008477126515,0.7355363574847427,0.255109081740929,0.0,0.0,0.1,0.0,0.0,0.0,0.05,0.05,0.1,0.1,8.2,107119,112.97138713471028,0.886803814216147,0.12960082499207698,3,9772,Windy,0.31670984395475565,0,0.0,0.0,0.5025684247183312,538,0,0.15077052741549934,0.6538287533009747,0.5384148602945001
mv00062,Klaus,2019,11,96,USA,English,PG,Animation,Comedy,Redemption,Family Friendly;Christmas;Oscar Winner;Netflix;Amazon Prime,0.0,Fall,2061,0.49370262447129876,0,0.65,0.33157254033532785,0.20997500112772502,0.18890878279189818,0.5358881466705997,0.0,0.0,0.1,0.0,0.0,0.0,0.65,0.05,0.1,0.1,7.0,2578,136.54162865154217,0.18501736486543352,0.14642421305559433,2,,Cloudy,0.37165197735445216,1,0.0,0.0,0.20188744764080122,5,0,0.06056623429224036,0.17788701745232977,0.2040042756390524
mv00063,The Two Popes,2019,12,125,UK,English,PG-13,Drama,Documentary,Redemption,Oscar Winner;Netflix;Amazon Prime;Biographical;Sequel,0.0,Fall,2031,0.49880105744254405,0,0.8,0.3986493626909641,0.3731771566308189,0.5290651217402025,0.6563664242795734,0.0,0.0,0.8,0.0,0.0,0.0,0.05,0.05,0.1,0.1,5.2,42908,22.565311025634653,0.3879769722168065,0.2270169616944741,35,,Snowy,0.42506103995806244,0,0.07459077093574353,0.0,0.04412825542685798,18,0,0.013238476628057393,0.33384896242373346,0.32150679809582194
mv00064,Dolemite Is My Name,2019,10,118,USA,English,R,Comedy,Drama,Coming of Age,Netflix;Amazon Prime;Biographical,0.0,Fall,2092,0.48848898510129257,0,0.7,0.13541712748454857,0.10828174525750948,0.7327556220580084,0.16158981439910478,0.0,0.0,0.1,0.0,0.0,0.0,0.05,0.7,0.1,0.1,7.0,13458,120.7564194625665,0.29302419631304755,0.1520159376956423,0,,Sunny,0.4130139927797108,0,0.0,0.0,0.15066624411135918,20,0,0.04519987323340775,0.23859081983738495,0.27041629599043704
mv00065,The King,2019,10,140,UK,English,R,Drama,Action,Heroism,Based on Book;Netflix;Amazon Prime;Historical,0.0,Fall,2092,0.48848898510129257,0,0.7,0.09858566536233818,0.18513456245411974,0.14331648978185252,0.042726109770165284,0.0,0.0,0.1,0.0,0.0,0.0,0.05,0.7,0.1,0.1,7.5,1483,20.065233371652656,0.6694361130235028,0.33518150044175865,3,6560,Rainy,0.40525094128765377,0,0.13197722797621148,0.0,0.10844891303916669,1,0,0.03253467391175001,0.2119188732014937,0.4562933388980475
mv00066,Hustlers,2019,9,110,USA,English,R,Drama,Thriller,Survival,Based on Book;Amazon Prime;Hulu,0.0,Summer,2122,0.4834959556949396,0,0.1,0.006064346985159962,0.14824390920029634,0.0940494408624639,0.1695573327513263,0.0,0.0,0.1,0.0,0.0,0.0,0.05,0.05,0.1,0.1,7.4,836,67.05938013363595,0.7489322158251797,0.5207068650753264,3,6976,Windy,0.17213084676950874,0,0.0,0.0,0.27497001013517436,2,0,0.0824910030405523,0.2936852465569065,0.42610536194344245
mv00067,Shazam!,2019,4,132,USA,English,PG-13,Action,Comedy,Heroism,Based on Book;Amazon Prime;HBO Max,0.0,Spring,2275,0.4588143628146673,0,0.1,0.28235837578282613,0.10459553948226703,0.4988438939328531,0.017502461662110537,0.0,0.0,0.1,0.0,0.0,0.0,0.05,0.05,0.1,0.1,8.9,51019,50.09686311706824,0.1250045912254936,0.42062579456303023,9,505,Cloudy,0.34301286622733895,0,0.0,0.0,0.615158075414526,313,0,0.1845474226243578,0.460089098218539,0.16540615548094847
mv00068,Captain Marvel,2019,3,124,USA,English,PG-13,Action,SciFi,Heroism,Based on Book;Disney+;Amazon Prime,0.0,Winter,2306,0.453969153356734,0,0.6,0.4196837490200626,0.18622126748339965,0.037053601671601044,0.3233855188400977,0.0,0.0,0.1,0.0,0.0,0.0,0.05,0.05,0.1,0.6,7.3,140182,66.63552228170819,0.22260748959007362,0.010127679060391602,50,3124,Rainy,0.3097716069817486,0,0.0,0.0,0.08540435484449539,119,0,0.025621306453348616,0.36032072224949635,0.2042352268895614
mv00069,Glass,2019,1,129,USA,English,PG-13,Thriller,SciFi,Heroism,Amazon Prime;HBO Max,0.0,Winter,2365,0.44488853699701214,0,0.1,0.08896458505113407,0.033850817724704815,0.48221473874252563,0.18818620911742326,0.0,0.0,0.1,0.0,0.0,0.0,0.05,0.05,0.1,0.1,6.1,18974,71.83414979162207,0.3142743221475726,0.25929687560642223,59,,Sunny,0.30542274207032133,0,0.0,0.0,0.18469366176394517,35,0,0.05540809852918355,0.2555290708736905,0.2487639836948827
mv00070,Alita: Battle Angel,2019,2,122,USA,English,PG-13,SciFi,Action,Coming of Age,Based on Book;Disney+;Amazon Prime,0.0,Winter,2334,0.44963682910286396,0,0.7,0.029175899626292908,0.46470548624208224,0.1271849628093577,0.21502412121502523,0.0,0.0,0.1,0.0,0.0,0.0,0.05,0.05,0.7,0.1,5.1,31980,244.95728497760828,0.8367297257870916,0.019611548384669206,0,713,Cloudy,0.3260750959429754,0,0.0,0.0,0.30773658753073635,98,0,0.09232097625922091,0.5684952208182611,0.5161873916764385
mv00071,Godzilla: King of the Monsters,2019,5,132,USA,English,PG-13,Action,SciFi,Survival,Amazon Prime;HBO Max,0.0,Spring,2245,0.4635525071126853,0,0.1,0.2579117439555934,0.6199719294658116,0.5749048796098607,0.26577257080980415,0.0,0.0,0.1,0.0,0.0,0.0,0.05,0.05,0.1,0.1,5.7,31156,28.175505358521423,0.640942207005945,0.011566339386131703,5,9433,Rainy,0.4186078817421051,0,0.0,0.0,0.3736321283083763,116,0,0.11208963849251288,0.42351133650784106,0.44605346802560397
mv00072,Aladdin,2019,5,128,USA,English,PG,Fantasy,Romance,Love,Family Friendly;Remake;Amazon Prime;Strong Romance;Disney+,0.0,Spring,2245,0.4635525071126853,0,0.1,0.06733906514163074,0.1821102520019599,0.6646083713456866,0.09845204132915417,0.0,0.0,0.1,0.0,0.0,0.0,0.05,0.05,0.1,0.1,6.2,135429,52.782791234567895,0.10286272434249555,0.18059721123106173,40,4334,Snowy,0.44338985269655773,1,0.0,0.0,0.21802694686666738,295,0,0.0654080840600002,0.35661381341957465,0.18444831798021508
mv00073,Dumbo,2019,3,112,USA,English,PG,Fantasy,Drama,Coming of Age,Family Friendly;Remake;Amazon Prime;Disney+,0.0,Winter,2306,0.453969153356734,0,0.6,0.21176398587602555,0.8380303235426276,0.14749862329922528,0.2892773695791023,0.0,0.0,0.1,0.0,0.0,0.0,0.05,0.05,0.1,0.6,7.5,10941,90.42745420519381,0.4948729000393657,0.7515647294050344,0,691,Sunny,0.34678346059410736,1,0.0,0.0,0.2745120885584071,30,0,0.08235362656752213,0.2922649742520401,0.35147148819791507
mv00074,Pet Sematary,2019,4,101,USA,English,R,Horror,Thriller,Survival,Based on Book;Remake;Amazon Prime;Graphic Violence,0.0,Spring,2275,0.4588143628146673,0,0.1,0.07669318846506361,0.41715584918212745,0.18201392268710934,0.3683784240289983,0.0,0.0,0.1,0.0,0.0,0.0,0.05,0.05,0.1,0.1,8.3,2038,139.71027151280012,0.2429095201240358,0.12056832593756686,9,4128,Windy,0.35622757546892536,0,0.0,0.0,0.37368296883714525,7,0,0.11210489065114357,0.23419325799669533,0.2283230327026955
mv00075,It Chapter Two,2019,9,169,USA,English,R,Horror,Drama,Coming of Age,HBO Max;Sequel;Based on Book;Amazon Prime;Graphic Violence,0.0,Summer,2122,0.4834959556949396,0,0.1,0.40123401397358255,0.5126078666076975,0.37182281313655957,0.2860699651475197,0.0,0.0,0.1,0.0,0.0,0.0,0.05,0.05,0.1,0.1,9.3,1384,22.62339427509893,0.2851624547487146,0.15454868570444902,7,8410,Windy,0.2544543374475728,0,0.0,0.0,0.015908166979002027,0,0,0.004772450093700608,0.09349935256947862,0.21891752860862912
mv00076,Doctor Sleep,2019,11,152,USA,English,R,Horror,Thriller,Redemption,Based on Book;Amazon Prime;HBO Max;Graphic Violence,0.0,Fall,2061,0.49370262447129876,0,0.65,0.8031976094128842,0.14371212404419698,0.06483468305330976,0.044194068716832804,0.0,0.0,0.1,0.0,0.0,0.0,0.65,0.05,0.1,0.1,7.2,3383,8.363756482877557,0.2950772940764925,0.040913926299532194,0,3877,Cloudy,0.12096804749833069,0,0.0,0.0,0.5268101433505956,17,0,0.15804304300517868,0.2265687375982108,0.18382906128774545
mv00077,Zombieland: Double Tap,2019,10,99,USA,English,R,Comedy,Horror,Survival,Netflix;Amazon Prime;Sequel,0.0,Fall,2092,0.48848898510129257,0,0.7,0.2038461887513122,0.0062777915839844324,0.913144986199898,0.16605622108151744,0.0,0.0,0.1,0.0,0.0,0.0,0.05,0.7,0.1,0.1,4.6,3099,100.325001904827,0.33588524024023353,0.03304673976082173,1,9206,Windy,0.1576124456278233,0,0.0,0.0,0.26986374843254035,8,0,0.0809591245297621,0.21709474812060697,0.21522635380846375
mv00078,Brightburn,2019,5,90,USA,English,R,Horror,SciFi,Betrayal,Amazon Prime;Graphic Violence,0.0,Spring,2245,0.4635525071126853,0,0.1,0.035992640082841205,0.004210257303555381,0.020003377076521764,0.5569684480727074,0.0,0.0,0.1,0.0,0.0,0.0,0.05,0.05,0.1,0.1,4.2,715615,128.53379030949532,0.20600495062200674,0.4172473994739439,12,93,Cloudy,0.4521669974919055,0,0.0,0.0,0.22974525576795268,1644,0,0.06892357673038581,0.4232044467522375,0.238652574558575
mv00079,Rocketman,2019,5,121,UK,English,R,Drama,Documentary,Coming of Age,Amazon Prime;Biographical;Oscar Winner,0.0,Spring,2245,0.4635525071126853,0,0.1,0.006256342768915156,0.1045578260212533,0.019046881025618263,0.35895392347367194,0.0,0.0,0.1,0.0,0.0,0.0,0.05,0.05,0.1,0.1,5.3,25691,54.995359235761946,0.36228797813924657,0.06365356775870233,0,8615,Windy,0.15552814176355093,0,0.0023129828917294207,0.0,0.13715260824715725,35,0,0.04114578247414717,0.28081282621448195,0.22780243159868857
mv00080,Yesterday,2019,6,116,UK,English,PG-13,Comedy,Romance,Love,Amazon Prime;Strong Romance,0.0,Spring,2214,0.46849999963525796,0,0.1,0.0041648080572299915,0.15882465808957164,0.928519166672735,0.4616936572642266,0.0,0.0,0.1,0.0,0.0,0.0,0.05,0.05,0.1,0.1,8.3,49632,188.60166124804704,0.16160732037515474,0.12708142517396862,9,5834,Cloudy,0.3735983580113244,0,0.12488282685271097,0.0,1.0,496,0,0.3,0.6328626607178122,0.19288316759097468
mv00081,The Dead Don't Die,2019,6,104,USA,English,R,Comedy,Horror,Survival,Amazon Prime;Hulu;Independent Film,-0.2,Spring,2214,0.46849999963525796,0,0.1,0.004047754570913145,0.2231176035428037,0.6361359648452642,0.7905667477689375,0.0,0.0,0.1,0.0,0.0,0.0,0.05,0.05,0.1,0.1,5.6,100759,3.3875373535513793,0.4007569283573231,0.07081614418157257,5,5070,Windy,0.14599374761042913,0,0.0,0.0,0.23622288780317288,238,0,0.07086686634095186,0.4109387227168997,0.20417658846179026
mv00082,Child's Play,2019,6,90,USA,English,R,Horror,Thriller,Survival,Remake;Amazon Prime;Graphic Violence,0.0,Spring,2214,0.46849999963525796,0,0.1,0.24292678694721573,0.4625125326826965,0.13434505796245175,0.42636233482439784,0.0,0.0,0.1,0.0,0.0,0.0,0.05,0.05,0.1,0.1,5.0,1961,99.13541028743352,0.6132378336226905,0.004586362696177865,3,8465,Rainy,0.23356498866592576,0,0.0,0.0,0.164185549205601,3,0,0.0492556647616803,0.2537285508507896,0.37668841341112297
mv00083,Everything Everywhere All at Once,2022,3,139,USA,English,R,SciFi,Comedy,Love,Cult Classic;Independent Film;Oscar Winner;Amazon Prime;Strong Romance,0.0,Winter,1210,0.6607474652713281,0,0.6,0.05419512009126112,0.515071360457698,0.3259685131685596,0.18420383259400808,0.0,0.0,0.1,0.0,0.0,0.0,0.05,0.05,0.1,0.6,6.2,193739,6.036582975658635,0.20385050945807118,0.15547009527982256,9,6199,Cloudy,0.42793334869062244,0,0.0,0.0,0.14733608598026451,285,0,0.04420082579407935,0.3408149403474133,0.2303052593362223
mv00084,Nomadland,2020,9,107,USA,English,R,Drama,Documentary,Survival,Independent Film;Amazon Prime;Hulu;Oscar Winner,0.0,Summer,1756,0.5480603540264957,0,0.1,0.0012922949769462596,0.08497089505812416,0.31476508188724756,0.5599985061757128,0.0,0.0,0.1,0.0,0.0,0.0,0.05,0.05,0.1,0.1,6.2,45477,37.92191513451511,0.2638915787053419,0.1187131392254679,3,3797,Rainy,0.3203786489580929,0,0.0,0.0,0.44969636376539984,204,0,0.13490890912961995,0.424742943184943,0.22805938404009884
mv00085,CODA,2021,8,111,USA,English,PG-13,Drama,Comedy,Coming of Age,Apple TV+;Amazon Prime;Oscar Winner,0.0,Summer,1422,0.6144754503588998,0,0.1,0.03699755015803408,0.058479747435545584,0.2915357197070165,0.17436362510747477,0.0,0.0,0.1,0.0,0.0,0.0,0.05,0.05,0.1,0.1,4.5,8765,71.0209166914502,0.3849486350306061,0.25831346655968696,8,8539,Snowy,0.5717462491467193,0,0.0,0.0,0.10730387022327052,9,0,0.03219116106698115,0.20239858465919425,0.36399819225931884
mv00086,Oppenheimer,2023,7,180,USA,English,R,Drama,Documentary,Heroism,Amazon Prime;Historical;Biographical;Oscar Winner,0.0,Summer,723,0.7806700108675881,0,0.1,0.00016586567470658052,0.19994848262753068,0.04915108145633933,0.06463865832657424,0.0,0.0,0.1,0.0,0.0,0.0,0.05,0.05,0.1,0.1,5.4,136992,14.511066581063547,0.25098362472612,0.6401231151355629,0,6289,Sunny,0.42834858634675815,0,0.0,0.0,0.8953509566745432,1226,0,0.26860528700236297,0.5438391786406975,0.2539963882670875
mv00087,TÁR,2022,10,158,USA,English,R,Drama,Thriller,Betrayal,Festival Favorite;Amazon Prime;Independent Film,0.0,Fall,996,0.7109907277444644,0,0.7,0.005924544483335143,0.00734832412385308,0.14880201778517033,0.535441066212219,0.0,0.0,0.1,0.0,0.0,0.0,0.05,0.7,0.1,0.1,7.4,341782,92.93692131166141,0.29216935112740283,0.14865484389783898,0,,Cloudy,0.5222300154905575,0,0.0,0.0,0.6809790952087124,2327,0,0.2042937285626137,0.5397555722398595,0.3027536802108687
mv00088,Top Gun: Maverick,2022,5,131,USA,English,PG-13,Action,Drama,Heroism,Amazon Prime,0.5,Spring,1149,0.6746959387661062,0,0.1,0.09949718325725913,0.21260106026033515,0.1290850902823713,0.008872150367216312,0.0,0.0,0.1,0.0,0.0,0.0,0.05,0.05,0.1,0.1,5.5,27073,4.772786435812783,0.25483241250077804,0.2731811424403541,2,8397,Windy,0.4860293102514919,0,0.0,0.0,0.35060208433058526,94,0,0.10518062529917557,0.28911001742574727,0.3732249993258365
mv00089,Avatar: The Way of Water,2022,12,192,USA,English,PG-13,SciFi,Fantasy,Survival,Disney+;Amazon Prime,0.0,Fall,935,0.7259998436960546,0,0.8,0.583377788649991,0.10711427405799745,0.005445834857154696,0.37633166361541254,0.0,0.0,0.8,0.0,0.0,0.0,0.05,0.05,0.1,0.1,5.2,754135,125.4926424371043,0.648620885229164,0.10467305290273775,15,3733,Rainy,0.36807684768961096,0,0.0,0.0,0.04652166030058814,350,0,0.01395649809017644,0.4865319576009902,0.43473349692146523
mv00090,The Batman,2022,3,176,USA,English,PG-13,Action,Thriller,Justice,Based on Book;Amazon Prime;HBO Max,0.0,Winter,1210,0.6607474652713281,0,0.6,0.15149324661100477,0.0332651854036666,0.019864366831833492,0.4759062509114693,0.0,0.0,0.1,0.0,0.0,0.0,0.05,0.05,0.1,0.6,8.3,41242,31.08464057019067,0.5212014142323198,0.5850362856159573,2,4085,Windy,0.10290217116620293,0,0.0,0.0,0.3556176571935411,146,0,0.10668529715806233,0.44095708814156054,0.2914713584660208
mv00091,Dune,2021,10,155,USA,English,PG-13,SciFi,Action,Heroism,Based on Book;Amazon Prime;HBO Max;Oscar Winner,0.0,Fall,1361,0.6274471150008571,0,0.7,0.014723157427187253,0.2833328794529853,0.04085498828525471,0.8552429521583197,0.0,0.0,0.1,0.0,0.0,0.0,0.05,0.7,0.1,0.1,6.9,14797,10.4831351856825,0.5781374004109434,0.0018739086398510752,6,2914,Snowy,0.4505393540644412,0,0.0,0.0,0.2555215109129965,37,0,0.07665645327389896,0.2876412954238262,0.4242305064248041
mv00092,No Time to Die,2021,10,163,UK,English,PG-13,Action,Thriller,Heroism,Amazon Prime,0.0,Fall,1361,0.6274471150008571,0,0.7,0.33692608024497606,0.2869075046243718,0.29866880480328833,0.37808775047916554,0.0,0.0,0.1,0.0,0.0,0.0,0.05,0.7,0.1,0.1,8.9,21115,79.55537935532634,0.3203211573523872,0.15111051986145202,21,,Rainy,0.5720712224398495,0,0.003694383659195945,0.0,0.9521672797295331,201,0,0.28565018391885993,0.46347479894814325,0.3317819454081484
mv00093,West Side Story,2021,12,156,USA,English,PG-13,Romance,Drama,Love,Oscar Winner;Remake;Amazon Prime;Strong Romance;Disney+,0.0,Fall,1300,0.6406926133386686,0,0.8,0.19399867649125477,0.6851847996862565,0.29760283267304033,0.5085063146197342,0.0,0.0,0.8,0.0,0.0,0.0,0.05,0.05,0.1,0.1,5.1,13703,268.3134218960782,0.24166061976655126,0.09527964419840179,39,9044,Cloudy,0.48575167590701857,0,0.0,0.0,0.5117709946226496,70,0,0.15353129838679488,0.3910296145453393,0.2665558126553812
mv00094,The Power of the Dog,2021,11,126,USA,English,R,Drama,Thriller,Betrayal,Based on Book;Netflix;Amazon Prime;Oscar Winner,0.0,Fall,1330,0.6341438534763151,0,0.65,0.07006982186121742,0.13636523566842,0.15516303160226935,0.3130792411951538,0.0,0.0,0.1,0.0,0.0,0.0,0.65,0.05,0.1,0.1,5.3,55110,82.39576550650003,0.6078600989563752,0.029027072064210138,3,45,Windy,0.6483835773324546,0,0.0,0.0,0.2629769813005788,144,0,0.07889309439017363,0.5089071528174886,0.49844512267792396
mv00095,Minari,2020,2,115,USA,English,PG-13,Drama,Documentary,Coming of Age,Festival Favorite;Independent Film;Amazon Prime;Oscar Winner,0.0,Winter,1969,0.5095052773397832,0,0.7,0.19166729873416732,0.5217604340995946,0.37398173583863065,0.0034154108237565745,0.0,0.0,0.1,0.0,0.0,0.0,0.05,0.05,0.7,0.1,5.8,59557,11.182360364641433,0.48155686928203834,0.5585996033857129,10,2960,Sunny,0.5412263893536807,0,0.0,0.0,0.06199702111414374,36,0,0.018599106334243123,0.39147965278136626,0.4031463514471234
mv00096,Sound of Metal,2020,11,120,USA,English,R,Drama,Documentary,Coming of Age,Independent Film;Amazon Prime;Oscar Winner,0.4,Fall,1695,0.5596299864859076,0,0.65,0.06665093817234356,0.03281432992241841,0.7119131465001994,0.6051664901293106,0.0,0.0,0.1,0.0,0.0,0.0,0.65,0.05,0.1,0.1,6.8,828,40.51829418425073,0.7602694324828146,0.02431495371450363,2,5429,Sunny,0.25585774211693757,0,0.0,0.0,0.3861093041624538,3,0,0.11583279124873613,0.3109938312534425,0.5368920388764886
mv00097,The Father,2020,12,97,UK,English,PG-13,Drama,Thriller,Love,Oscar Winner;Based on Book;Netflix;Amazon Prime;Strong Romance,0.0,Fall,1665,0.5654092467802049,0,0.8,0.013371861175444111,0.07688431487300666,0.14632165383801476,0.5368985734917934,0.0,0.0,0.8,0.0,0.0,0.0,0.05,0.05,0.1,0.1,6.3,20359,7.008475865703646,0.3187132306486763,0.053909960317241226,0,,Snowy,0.4611966774367347,0,0.395212483523024,0.0,0.26406790843266653,53,0,0.07922037252979995,0.2509945227031875,0.29771561855535855
mv00098,Judas and the Black Messiah,2021,2,126,USA,English,R,Drama,Documentary,Betrayal,HBO Max;Historical;Oscar Winner;Amazon Prime;Biographical,-0.16666666666666666,Winter,1603,0.5775428716375757,0,0.7,0.01003657645497503,0.32066837922299846,0.24079069664082983,0.3706525331126499,0.0,0.0,0.1,0.0,0.0,0.0,0.05,0.05,0.7,0.1,4.9,10957,167.7431953671175,0.08155422271244739,0.03270834648584767,2,9014,Cloudy,0.6188418222270926,0,0.0,0.0,0.5789103504744558,63,0,0.17367310514233675,0.30377274098028456,0.19309632469101815
mv00099,Promising Young Woman,2020,12,113,USA,English,R,Thriller,Drama,Justice,Amazon Prime;Oscar Winner,0.15000000000000002,Fall,1665,0.5654092467802049,0,0.8,0.19626615427446578,0.24409473104770982,0.234942715949387,0.6518749743048481,0.0,0.0,0.8,0.0,0.0,0.0,0.05,0.05,0.1,0.1,7.5,7890,375.3060249408138,0.34555526406200016,0.21762506444605087,0,5949,Cloudy,0.13607933935399089,0,0.0,0.0,0.3126999854247027,24,0,0.0938099956274108,0.3916668248420826,0.24360143383719735
mv00100,Soul,2020,12,100,USA,English,PG,Animation,Fantasy,Coming of Age,Family Friendly;Disney+;Amazon Prime;Oscar Winner,0.0,Fall,1665,0.5654092467802049,0,0.8,0.05719965263457123,0.2489167740093094,0.13079895845950207,0.3239133761979165,0.0,0.0,0.8,0.0,0.0,0.0,0.05,0.05,0.1,0.1,5.9,61281,89.02649973945861,0.3505460287571178,0.4853594601530791,7,3164,Cloudy,0.7514690616656147,1,0.0,0.0,0.049217702213780544,30,0,0.014765310664134163,0.3944541826124539,0.4007137328782433
